operator_address,moniker,commission_rate,max_rate,delegator_shares,tokens,jailed,status
cosmosvaloper1qtxec3ggeuwnca9mmngw7vf6ctw54cppey02fs,tokenpocket,0.000000000000000000,0.200000000000000000,2919583.391292197482490814,2919304,True,BOND_STATUS_UNBONDED
cosmosvaloper1qdxmyqkvt8jsxpn5pp45a38ngs36mn2604cqk9,ÁúüÊú¨ËÅ™&IOSG,0.100000000000000000,1.000000000000000000,25460048726.000000000000000000,25460048726,True,BOND_STATUS_UNBONDED
cosmosvaloper1qwl879nx9t6kef4supyazayf7vjhennyh568ys,Certus One,0.125000000000000000,0.300000000000000000,4230810170549.000000000000000000,4230810170549,False,BOND_STATUS_BONDED
cosmosvaloper1qs8tnw2t8l6amtzvdemnnsq9dzk0ag0z52uzay,Castlenode,0.090000000000000000,0.500000000000000000,607391682517.000000000000000000,607391682517,False,BOND_STATUS_BONDED
cosmosvaloper1q6d3d089hg59x6gcx92uumx70s5y5wadklue8s,Ubik.Capital(0%Commission),0.000000000000000000,0.200000000000000000,22338776511.000000000000000000,22338776511,False,BOND_STATUS_BONDED
cosmosvaloper1qmr8acxu0d9ytase8v9mza6k96y479getstqn2,CryptoGoose,0.071000000000000000,0.250000000000000000,111000.000000000000000000,111000,True,BOND_STATUS_UNBONDED
cosmosvaloper1qa8jpt4kuqq73vgen2w7julkelgursygqx4y69,suyuuuuuuu,1.000000000000000000,1.000000000000000000,3900000.000000000000000000,3899700,True,BOND_STATUS_UNBONDED
cosmosvaloper1qaa9zej9a0ge3ugpx3pxyx602lxh3ztqgfnp42,CCN,0.020000000000000000,0.200000000000000000,8174386881252.000000000000000000,8174386881252,False,BOND_STATUS_BONDED
cosmosvaloper1pz0lfq40sa63n0wany3v95x3yvznc5gyf8u28w,Cobo,0.100000000000000000,0.200000000000000000,32567807968.000000000000000000,32567807968,False,BOND_STATUS_BONDED
cosmosvaloper1prvhg36trh0y7dajrlny6h9qhp0cpwh0nl3p7k,liwei,0.100000000000000000,0.200000000000000000,1000000.000000000000000000,1000000,False,BOND_STATUS_UNBONDED
cosmosvaloper1pxsmjzan4u833l5s72pzamlurcgk2g5m65xjlj,MyCointainer,0.050000000000000000,0.100000000000000000,2169113.000000000000000000,2169113,False,BOND_STATUS_UNBONDED
cosmosvaloper1pgsjyvkg3y2m7qas534zzdhsqsxqyph2jh3uck,OneSixtyTwo,0.150000000000000000,0.200000000000000000,202098578.892767800742814046,202037964,True,BOND_STATUS_UNBONDING
cosmosvaloper1ptz7xq0fanh4kfvp6fdhevkx90axaq7drwcwjl,Cobak,0.120000000000000000,0.500000000000000000,37479000.000000000000000000,37475300,True,BOND_STATUS_UNBONDED
cosmosvaloper1ptyzewnns2kn37ewtmv6ppsvhdnmeapvtfc9y5,WeStaking,0.030000000000000000,0.200000000000000000,412733319356.000000000000000000,412733319356,False,BOND_STATUS_BONDED
cosmosvaloper1ps7dmygt4wm72t8l9kdjetelhggsv8w77mdh33,CosmosPool.org,0.100000000000000000,0.400000000000000000,1004122.819240788575599599,953726,True,BOND_STATUS_UNBONDED
cosmosvaloper1pjmngrwcsatsuyy8m3qrunaun67sr9x7z5r2qs,Cypher Core,0.100000000000000000,0.200000000000000000,1094955268779.000000000000000000,1094955268779,False,BOND_STATUS_BONDED
cosmosvaloper1pexrxk6s9aznl8ap2g8jr87ktc3a7dd8xf0etj,CosmosOne,0.040000000000000000,0.200000000000000000,3000234.013401560089343734,2999934,True,BOND_STATUS_UNBONDED
cosmosvaloper1p650epkdwj0jte6sjc3ep0n3wz6jc9ehh8jutg,Cosmos Suisse,0.500000000000000000,0.500000000000000000,104434964743.878480878048773956,104403637566,False,BOND_STATUS_BONDED
cosmosvaloper1pmdxquuver2aj60rac8efqc87yk6tu0usuwar6,walletapibeta,0.100000000000000000,0.200000000000000000,2800000.000000000000000000,2800000,False,BOND_STATUS_UNBONDED
cosmosvaloper1p7n5agmrptr43t9te27tz7c4tnpw2dj3s4p6jm,SlowMistZone,0.090000000000000000,0.200000000000000000,8101030.097209855579449063,8100221,True,BOND_STATUS_UNBONDED
cosmosvaloper1zqgheeawp7cmqk27dgyctd80rd8ryhqs6la9wc,melea Staking-Pool,0.150000000000000000,0.500000000000000000,782265900938.000000000000000000,782265900938,False,BOND_STATUS_BONDED
cosmosvaloper1zp6kg7qlmztyw2km2af4z5ruz5vn04cp9npe79,piggy-coin.com üê∑,0.250000000000000000,0.500000000000000000,43008426.330178033544344758,42999830,True,BOND_STATUS_UNBONDED
cosmosvaloper1zxphhzuweenrq3vvgsgj6g25axdpghtglg0veq,X-Stake,0.050000000000000000,0.300000000000000000,95799467672.000000000000000000,95799467672,False,BOND_STATUS_BONDED
cosmosvaloper1zf37grr7nxffaacqfdyw5laeetnxm546aqz6uj,MyCosmosValidator,0.100000000000000000,0.200000000000000000,2000000.000000000000000000,1999800,True,BOND_STATUS_UNBONDED
cosmosvaloper1z3xngnvpyt33dlhrsmcz6pwd4fp47uem9545ed,unicorn-ethermat-1,0.060000000000000000,0.100000000000000000,91294998.000000000000000000,91294998,True,BOND_STATUS_UNBONDED
cosmosvaloper1zhunuh23rvhm95j0cwe8dhx3ka4chpz93vl8ep,raullenchaix,0.100000000000000000,0.200000000000000000,1000000.000000000000000000,1000000,True,BOND_STATUS_UNBONDED
cosmosvaloper1zccyq99s2pcu3tjrpmlhyfcr0fpekpz2yggk66,SB Wallet,0.025000000000000000,0.200000000000000000,2000000.000000000000000000,2000000,False,BOND_STATUS_UNBONDED
cosmosvaloper1z66j0z75a9flwnez7sa8jxx46cqu4rfhd9q82w,DEBO,0.020000000000000000,1.000000000000000000,2109050601058.000000000000000000,2109050601058,False,BOND_STATUS_BONDED
cosmosvaloper1rpgtz9pskr5geavkjz02caqmeep7cwwpv73axj,Blockpower,0.030000000000000000,1.000000000000000000,2724116080039.323766605993344125,2723571284241,False,BOND_STATUS_BONDED
cosmosvaloper1r9lxkpqre6j4487ut882xchgr7rdtx3x76gtdp,terraform_staging_03,0.050000000000000000,0.100000000000000000,2000000.000000000000000000,1999800,True,BOND_STATUS_UNBONDED
cosmosvaloper1r8kyvg4me2upnvlk26n2ay0zd5t4jktna8hhxp,noma,0.200000000000000000,1.000000000000000000,250064793461.000000000000000000,250064793461,False,BOND_STATUS_BONDED
cosmosvaloper1rfpar0qx3umnhu0f6wjp4hvnr3x6u5389e094j,DECOMMISSIONED,0.080000000000000000,0.300000000000000000,178750805996.000000000000000000,178750805996,True,BOND_STATUS_UNBONDED
cosmosvaloper1rwh0cxa72d3yle3r4l8gd7vyphrmjy2kpe4x72,SparkPool,0.200000000000000000,0.200000000000000000,1176631716012.000000000000000000,1176631716012,False,BOND_STATUS_BONDED
cosmosvaloper1rn4gt0kphuqsdk7lu7m65gylv75q3ml4y6ns0j,ether-one,0.100000000000000000,0.200000000000000000,1000000.000000000000000000,999900,True,BOND_STATUS_UNBONDED
cosmosvaloper1r50v53ua3mgfczlgf6jclycx2edcsaaftfjzs6,SIGN Capital,0.070000000000000000,0.150000000000000000,33050000000.788450841210931040,33043390405,True,BOND_STATUS_UNBONDED
cosmosvaloper1rcp29q3hpd246n6qak7jluqep4v006cdsc2kkl,2nd only to Certus One in GoS: in3s.com,1.000000000000000000,1.000000000000000000,246408362233.000000000000000000,246408362233,False,BOND_STATUS_BONDED
cosmosvaloper1r6cwek6596vqzky4fezhy29qcdlv06d2laa2pk,EON,0.050000000000000000,0.100000000000000000,2400022.000000000000000000,2399822,True,BOND_STATUS_UNBONDED
cosmosvaloper1rl23sesp9qc7j9cmntl75v3uu4zetjxnuqskea,kreios,0.000100000000000000,0.200000000000000000,1009900.000000000000000000,1009900,True,BOND_STATUS_UNBONDED
cosmosvaloper1yvvkkmzh8zs4z4v7gzn0ux8ag0me79ec58pw35,Valid8r,0.040000000000000000,0.200000000000000000,501000000.000000000000000000,500949900,True,BOND_STATUS_UNBONDED
cosmosvaloper1yvwqd5rdtuaw25mcqhz794dvgq9k9yeh8mjcdh,ys-validator,0.080000000000000000,0.200000000000000000,5.263133489664142891,6,True,BOND_STATUS_UNBONDED
cosmosvaloper1y0us8xvsvfvqkk9c6nt5cfyu5au5tww2ztve7q,Swiss Staking,0.010000000000000000,0.250000000000000000,451933070284.000000000000000000,451933070284,False,BOND_STATUS_BONDED
cosmosvaloper1yedl70266zcpmcnzzhr0fmm3aklgrjsyzg0rwl,MYW,0.070000000000000000,0.300000000000000000,310003.000000000000000000,310003,False,BOND_STATUS_UNBONDED
cosmosvaloper1ylz6tqpgz0flpl6h5szmj6mmzyr598rqu936th,Bajun,0.150000000000000000,1.000000000000000000,1000000.000000000000000000,1000000,True,BOND_STATUS_UNBONDED
cosmosvaloper19yy989ka5usws6gsd8vl94y7l6ssgdwsrnscjc,OKEx Pool,0.100000000000000000,0.200000000000000000,809321906627.000000000000000000,809321906627,False,BOND_STATUS_BONDED
cosmosvaloper19yn9qg7gffzdj8t2zxfhwqdcjj8fzxt2ztzgzu,tester,0.050000000000000000,1.000000000000000000,10000.000000000000000000,10000,False,BOND_STATUS_UNBONDED
cosmosvaloper1998928nfs697ep5d825y5jah0nq9zrtd00yyj7,HLT,0.100000000000000000,0.200000000000000000,113771434747.663261669851987123,113691818991,False,BOND_STATUS_BONDED
cosmosvaloper199mlc7fr6ll5t54w7tts7f4s0cvnqgc59nmuxf,Velocity V1,0.100000000000000000,0.500000000000000000,597479118185.000000000000000000,597479118185,False,BOND_STATUS_BONDED
cosmosvaloper19ggkjc5slg5gphf92yrvusr3jc702h4tfz6nvn,IZ*ONE,0.040000000000000000,0.070000000000000000,60102.000000000000000000,60102,True,BOND_STATUS_UNBONDED
cosmosvaloper19tfkpy26wpdanzjqwag8yyxsygsxgwzsqxmnuw,ms-stage,0.030000000000000000,1.000000000000000000,1090000.000000000000000000,1090000,False,BOND_STATUS_UNBONDED
cosmosvaloper19v9ej55ataqrfl39v83pf4e0dm69u89rngf928,blockscape,0.099900000000000000,0.399900000000000000,1857817004.720497318832335607,1764931102,True,BOND_STATUS_UNBONDED
cosmosvaloper19vgwu99fdawejnedgsfx8dmxuc0z4emj0eaf8p,test,0.030000000000000000,0.030000000000000000,1000000.000000000000000000,1000000,True,BOND_STATUS_UNBONDED
cosmosvaloper190r3wrl2jexq9hyahl4pd5wz66rrt4wpuavdxa,test,0.100000000000000000,0.200000000000000000,100000.000000000000000000,100000,False,BOND_STATUS_UNBONDED
cosmosvaloper193qmr3zvz0s6g4ngez5euja7ynwrwx8amer9qt,Dude's Node Abides,0.050000000000000000,0.200000000000000000,1000001.000000000000000000,1000001,True,BOND_STATUS_UNBONDED
cosmosvaloper19j2hd230c3hw6ds843yu8akc0xgvdvyuz9v02v,syncnode,0.100000000000000000,0.200000000000000000,585784476540.000000000000000000,585784476540,False,BOND_STATUS_BONDED
cosmosvaloper19kwwdw0j64xhrmgkz49l0lmu5uyujjayxakwsn,Firmamint,0.150000000000000000,0.300000000000000000,366246289079.000000000000000000,366246289079,True,BOND_STATUS_UNBONDED
cosmosvaloper196ax4vc0lwpxndu9dyhvca7jhxp70rmcvrj90c,SG-1,0.000000000000000000,0.200000000000000000,1977668723622.000000000000000000,1977668723622,False,BOND_STATUS_BONDED
cosmosvaloper1xym2qygmr9vanpa0m7ndk3n0qxgey3ffzcyd5c,üê°grant.fish,1.000000000000000000,1.000000000000000000,525122265580.000000000000000000,525122265580,False,BOND_STATUS_BONDED
cosmosvaloper1xxjvzwjpsf6ktuffkcpx29ut9qfrn0my8xdtqd,pa_os_test,0.050000000000000000,0.200000000000000000,0.500050004950490099,1,True,BOND_STATUS_UNBONDED
cosmosvaloper1x8rr4hcf54nz6hfckyy2n05sxss54h8wz9puzg,cosmosgbt,0.000000000000000000,0.500000000000000000,391067479347.317553906291164963,391028372637,True,BOND_STATUS_UNBONDED
cosmosvaloper1x88j7vp2xnw3zec8ur3g4waxycyz7m0mahdv3p,Staking Facilities,0.100000000000000000,0.250000000000000000,2409706237982.000000000000000000,2409706237982,False,BOND_STATUS_BONDED
cosmosvaloper1x065cjlgejk2p2la0029akfvdy52gtq9mm58ta,MathWalletÈ∫¶Â≠êÈí±ÂåÖ,0.100000000000000000,0.200000000000000000,133777119080.000000000000000000,133777119080,False,BOND_STATUS_BONDED
cosmosvaloper1xsum5hdkcckumzx8ajf3j8upr8w0vs8gcvw0dc,PeopleNode,0.100000000000000000,0.200000000000000000,3200000.000000000000000000,3199700,True,BOND_STATUS_UNBONDED
cosmosvaloper188z55862zckmn7kuwg94sl3nw9ta9pqt3xectq,OG,0.100000000000000000,1.000000000000000000,10979218.934739176106540907,10978122,False,BOND_STATUS_UNBONDING
cosmosvaloper18geu56wqva2pmqm6sf6vpqr38pdfpp7j6xmze4,SOLOMINING,0.100000000000000000,0.200000000000000000,1000000.000000000000000000,1000000,True,BOND_STATUS_UNBONDED
cosmosvaloper18cphtqx7c6kmjuwvtfvge0dtf8nxm8j9x6p4kz,touzicosmos,0.100000000000000000,0.200000000000000000,500.050005000500050006,501,True,BOND_STATUS_UNBONDED
cosmosvaloper18algml7fg04amyhz0ss5h9m92k5g3ldwvd4fk3,BlockPool,0.100000000000000000,0.200000000000000000,1000000.000000000000000000,999900,True,BOND_STATUS_UNBONDED
cosmosvaloper1grgelyng2v6v3t8z87wu3sxgt9m5s03xfytvz7,iqlusion,0.100000000000000000,1.000000000000000000,3958297227825.025792803727339377,3957901398187,False,BOND_STATUS_BONDED
cosmosvaloper1gdqqf8f6wsdvgnevly7q62ez0tmfn0lm9smxws,Militaires Sans Fronti√®res,0.100000000000000000,0.200000000000000000,2000000.000000000000000000,1999800,True,BOND_STATUS_UNBONDED
cosmosvaloper1gdg6qqe5a3u483unqlqsnullja23g0xvqkxtk0,zugerselfdelegation,1.000000000000000000,1.000000000000000000,419560100461.000000000000000000,419560100461,False,BOND_STATUS_BONDED
cosmosvaloper1g48qthza73rv7rl3t823sxp0539k47c7k8fjqp,good boi node,0.100000000000000000,0.200000000000000000,50845000.000000000000000000,50845000,False,BOND_STATUS_UNBONDED
cosmosvaloper1fqzqejwkk898fcslw4z4eeqjzesynvrdfr5hte,commercio.network,0.090000000000000000,0.200000000000000000,569927057729.000000000000000000,569927057729,False,BOND_STATUS_BONDED
cosmosvaloper1fypv7c7z3auv7w48qn76538w55jdk66xt5a3lk,1ED471CB34E3,0.100000000000000000,0.200000000000000000,109757000000.000000000000000000,109757000000,False,BOND_STATUS_BONDED
cosmosvaloper1fghgwhgtxtcshj4a9alp7u2qv6n2wffqhpxcnk,cephalopod equipment coop,0.250000000000000000,1.000000000000000000,281161932.000000000000000000,281161932,True,BOND_STATUS_UNBONDED
cosmosvaloper1ff0dw8kawsnxkrgj7p65kvw7jxxakyf8n583gx,Compass,0.100000000000000000,1.000000000000000000,534844599147.053262740497025906,534791114745,False,BOND_STATUS_BONDED
cosmosvaloper1f0v0acmunaddacaxdmz5ykh3026c9xvqgnqquy,‚Äúcosmix‚Äù,0.100000000000000000,0.200000000000000000,850000.000000000000000000,850000,False,BOND_STATUS_UNBONDED
cosmosvaloper1fhr7e04ct0zslmkzqt9smakg3sxrdve6ulclj2,Stakin,0.050000000000000000,0.200000000000000000,747641027900.000000000000000000,747641027900,False,BOND_STATUS_BONDED
cosmosvaloper1f63lrmnn4upu722kxdhw04taxa6w50lnar88dx,darkqueen,0.100000000000000000,0.200000000000000000,101000100.010001000100010002,100990001,True,BOND_STATUS_UNBONDED
cosmosvaloper1fun809ksxh87nzf88yashp9ynjz6xkscrtvzvw,Tessellated Geometry,0.010000000000000000,0.200000000000000000,33567400732.000000000000000000,33567400732,False,BOND_STATUS_BONDED
cosmosvaloper12w5u5f0r27j0q0ywv5kwqslnc0yvza57qfezr4,test2,0.000000000000000000,1.000000000000000000,10300.000000000000000000,10300,True,BOND_STATUS_UNBONDED
cosmosvaloper12w6tynmjzq4l8zdla3v4x0jt8lt4rcz5gk7zg2,Huobi Wallet,0.090000000000000000,0.200000000000000000,903094266895.000000000000000000,903094266895,False,BOND_STATUS_BONDED
cosmosvaloper125umsz3fws7gepn5ccsh0sv4gre9r6a3tccz4r,Moonstake,0.030000000000000000,1.000000000000000000,271790008393.659969471789036000,271762831954,False,BOND_STATUS_BONDED
cosmosvaloper124maqmcqv8tquy764ktz7cu0gxnzfw54n3vww8,Simply Staking,0.070000000000000000,0.300000000000000000,1029670032247.000000000000000000,1029670032247,False,BOND_STATUS_BONDED
cosmosvaloper12knqu4ecmg0982plzs9m9f5jareh0cvegcw3wu,offline,0.020000000000000000,0.200000000000000000,1014988.000000000000000000,1014988,True,BOND_STATUS_UNBONDED
cosmosvaloper12etdez5nurn9avdjrnuezzttck59s0spsx4xea,test,0.100000000000000000,0.200000000000000000,1000000.000000000000000000,1000000,False,BOND_STATUS_UNBONDED
cosmosvaloper1tpxs9gf9gg74mdu7ya4gxhr5560jsxnp4zq979,Cosmos-Validator.com,0.090000000000000000,0.200000000000000000,57113360.049344544511693703,57107649,False,BOND_STATUS_UNBONDED
cosmosvaloper1tr5var87ga3fyy9d0r76uurpmkfm05rg37xacn,SpaceTimeContinuum,0.150000000000000000,1.000000000000000000,12001500019.030318720737288638,12000299882,True,BOND_STATUS_UNBONDED
cosmosvaloper1tflk30mq5vgqjdly92kkhhq3raev2hnz6eete3,Everstake,0.050000000000000000,0.200000000000000000,2356145652453.000000000000000000,2356145652453,False,BOND_STATUS_BONDED
cosmosvaloper1ttfytaf43nkytzp8hkfjfgjc693ky4t3y2n2ku,StarCluster,0.150000000000000000,0.150000000000000000,68028025219.180090687022881887,68014420338,False,BOND_STATUS_BONDED
cosmosvaloper1t00q7dp0wslx34kee4elz496ts2uqlwphz860l,Public Payments,0.000000000000000000,0.200000000000000000,12823468.000000000000000000,12823468,False,BOND_STATUS_UNBONDED
cosmosvaloper1tjwad66qx72xyr3ydcyascrgdyhee58y5x6zdc,zoomerlabs,0.100000000000000000,0.200000000000000000,1000000.000000000000000000,1000000,False,BOND_STATUS_UNBONDED
cosmosvaloper1te8nxpc2myjfrhaty0dnzdhs5ahdh5agzuym9v,CoinoneNode,0.100000000000000000,1.000000000000000000,1930377867510.000000000000000000,1930377867510,False,BOND_STATUS_BONDED
cosmosvaloper1vzvx9zq9czxedvtsvwdtxuslsn67q2vmvr9wej,bigone-pool,0.100000000000000000,0.200000000000000000,1000000.000000000000000000,1000000,False,BOND_STATUS_UNBONDED
cosmosvaloper1vz0clw0mqw5cjvmk38hg6nakkmvwugxrrhjhkg,ghost,0.100000000000000000,1.000000000000000000,1000181.988699886843502184,1000003,True,BOND_STATUS_UNBONDED
cosmosvaloper1vrg6ruw00lhszl4sjgwt5ldvl8z0f7pfp5va85,SSSnodes,0.110000000000000000,0.200000000000000000,143850723981.000000000000000000,143850723981,False,BOND_STATUS_BONDED
cosmosvaloper1vf44d85es37hwl9f4h9gv0e064m0lla60j9luj,MultiChain Ventures,0.020000000000000000,0.500000000000000000,4130173588931.000000000000000000,4130173588931,False,BOND_STATUS_BONDED
cosmosvaloper1vsc7v43kmz7m8kpcxlwwjysa72k5u5gpknu57h,blocktest,0.020000000000000000,0.200000000000000000,1000000.000000000000000000,1000000,False,BOND_STATUS_UNBONDED
cosmosvaloper1v34d48p2z8mttnly3n9es2aqsqkem9pr6f0fdy,blocktest111,0.100000000000000000,0.200000000000000000,1000000.000000000000000000,1000000,False,BOND_STATUS_UNBONDED
cosmosvaloper1vjqault583hwktfj63k2hh7r02sj2a66fmvzqz,Simply VC Genesis,0.100000000000000000,1.000000000000000000,1000016.000000000000000000,1000016,True,BOND_STATUS_UNBONDED
cosmosvaloper1vjn3559ncztu87qj8v4ryasgny7vjfx7jhxzu6,Anonstake,0.060000000000000000,1.000000000000000000,275406869.619738953283333091,275351799,True,BOND_STATUS_UNBONDED
cosmosvaloper1v5y0tg0jllvxf5c3afml8s3awue0ymju89frut,Zero Knowledge Validator (ZKV),0.100000000000000000,1.000000000000000000,6037417312514.000000000000000000,6037417312514,False,BOND_STATUS_BONDED
cosmosvaloper1vk706z2tfnqhdg6jrkngyx7f463jq58nj0x7p7,Dont Use,0.000000000000000000,0.200000000000000000,2050626059.153533368758277608,1948095846,True,BOND_STATUS_UNBONDED
cosmosvaloper1dt93l3qgmhhlp97srjyqyendrgu9nx0suxtwe8,Â§©ÁÖß‚òÄ,0.015000000000000000,0.200000000000000000,55571662828.000000000000000000,55571662828,False,BOND_STATUS_BONDED
cosmosvaloper1dt4h3hn9zpxvm2t26erf96aaszp3va2wkq28ez,deleteme,0.070000000000000000,0.700000000000000000,1000000.190026856192957174,999902,True,BOND_STATUS_UNBONDED
cosmosvaloper1d0aup392g3enru7eash83sedqclaxvp7fzh6gk,Stir,0.100000000000000000,0.200000000000000000,422097781994.919828827758247008,422055572643,False,BOND_STATUS_BONDED
cosmosvaloper1dse76yk5jmj85jsd77ewsczc4k3u4s7a870wtj,gf.network,0.080000000000000000,0.500000000000000000,453601294069.574432819846600496,453510578511,False,BOND_STATUS_BONDED
cosmosvaloper1dcf60vccyvqewnnm7sq5prrrrd98fzwruj2ntp,O'Leary Labs,1.000000000000000000,1.000000000000000000,4000000.000000000000000000,3999600,True,BOND_STATUS_UNBONDED
cosmosvaloper1de7qx00pz2j6gn9k88ntxxylelkazfk3g8fgh9,Cosmic Validator,0.250000000000000000,1.000000000000000000,386954457484.000000000000000000,386954457484,False,BOND_STATUS_BONDED
cosmosvaloper1d7ufwp2rgfj7s7pfw2q7vm2lc9txmr8vh77ztr,Deactivated,0.200000000000000000,1.000000000000000000,34701212342.000000000000000000,34701212342,True,BOND_STATUS_UNBONDED
cosmosvaloper1wp9jne5t3e4au7u8gfep90g59j0qdhpeqvlg7n,Newroad Network,0.120000000000000000,0.300000000000000000,91815174027.000000000000000000,91815174027,False,BOND_STATUS_BONDED
cosmosvaloper1wrx0x9m9ykdhw9sg04v7uljme53wuj03aa5d4f,Just-Mining,1.000000000000000000,1.000000000000000000,3000000.000000000000000000,3000000,False,BOND_STATUS_UNBONDED
cosmosvaloper1wrxkqna8w5ldl3twgmyne6fvt9hsfgmksrjwlj,discontinued,0.200000000000000000,1.000000000000000000,2000000.000000000000000000,2000000,False,BOND_STATUS_UNBONDED
cosmosvaloper1wtv0kp6ydt03edd8kyr5arr4f3yc52vp3u2x3u,kytzu,0.200000000000000000,0.200000000000000000,518702118007.000000000000000000,518702118007,False,BOND_STATUS_BONDED
cosmosvaloper1wdrypwex63geqswmcy5qynv4w3z3dyef2qmyna,Genesis Lab,0.070000000000000000,0.200000000000000000,297162178044.000000000000000000,297162178044,False,BOND_STATUS_BONDED
cosmosvaloper1wd8vquxza6svsvvnh489tdvg9vdjjfpepcfvf9,DeBank,0.000000000000000000,1.000000000000000000,1014514501.915855219152392137,1014413119,True,BOND_STATUS_UNBONDING
cosmosvaloper1wwspfe7whh3zu4ql5rvpg044lyk6cuu7fpnd9e,Bit Catüê±,0.050000000000000000,0.200000000000000000,10000000.000000000000000000,10000000,False,BOND_STATUS_UNBONDED
cosmosvaloper1w0330zv7quttes76vmdhda3tnz045uqs37wfx0,Mythos,0.150000000000000000,0.200000000000000000,333170559735.000000000000000000,333170559735,False,BOND_STATUS_BONDED
cosmosvaloper1w0494h0l4mneaq7ajkrcjvn73m2n04l87j2nst,Angel,0.200000000000000000,1.000000000000000000,94398984763.265473982382377797,94370668035,False,BOND_STATUS_BONDED
cosmosvaloper1w42lm7zv55jrh5ggpecg0v643qeatfkd9aqf3f,mythos-legacy,0.150000000000000000,0.200000000000000000,10044537288.983880109775510014,10042528526,True,BOND_STATUS_UNBONDED
cosmosvaloper1we6knm8qartmmh2r0qfpsz6pq0s7emv3e0meuw,Staked,0.100000000000000000,0.200000000000000000,1106476390140.000000000000000000,1106476390140,False,BOND_STATUS_BONDED
cosmosvaloper1w6em34qympp59ecdu4ef4f5elcdlyp787tahxd,bantest,0.100000000000000000,0.200000000000000000,500000.000000000000000000,500000,False,BOND_STATUS_UNBONDED
cosmosvaloper1wukx88lfn7l4gfmrgsy96h6kf5tvrv3ucg502l,#NGC StakeX,0.000000000000000000,0.200000000000000000,30157715.888291076793081734,30154701,True,BOND_STATUS_UNBONDED
cosmosvaloper1wa9zrywwzzwcvarngjq3rrhv6z9gzw4htq3sv3,BTC.Secure,0.000000000000000000,0.300000000000000000,76102377.000000000000000000,76102377,False,BOND_STATUS_UNBONDED
cosmosvaloper1wauge4px27c257nfn4k3329wteddqw7gs3n66u,DappPub,0.100000000000000000,1.000000000000000000,110454115382.189085513013579388,110443070047,True,BOND_STATUS_UNBONDED
cosmosvaloper10f9wkd6vdspac05djyfwfx0uxcqxapnqhnkcg8,Tavis Digital,0.100000000000000000,0.200000000000000000,25065000000.000000000000000000,25065000000,False,BOND_STATUS_BONDED
cosmosvaloper102ruvpv2srmunfffxavttxnhezln6fnc54at8c,Ztake.org,0.070000000000000000,0.250000000000000000,740705256797.000000000000000000,740705256797,False,BOND_STATUS_BONDED
cosmosvaloper10wz6lfhmqfw6egg0062ytnawaj6vr89ly5g4yg,BitMax Staking,0.100000000000000000,0.200000000000000000,31557331472.163779741263884722,31554175772,False,BOND_STATUS_BONDED
cosmosvaloper1000ya26q2cmh399q4c5aaacd9lmmdqp90kw2jn,Staking Fund,0.120000000000000000,0.334000000000000000,577468227907.000000000000000000,577468227907,False,BOND_STATUS_BONDED
cosmosvaloper103agss48504gkk3la5xcg5kxplaf6ttnuv234h,MANTRA DAO,0.100000000000000000,0.880000000000000000,28309020091.000000000000000000,28309020091,False,BOND_STATUS_BONDED
cosmosvaloper10nzaaeh2kq28t3nqsh5m8kmyv90vx7ym5mpakx,Blockdaemon,0.100000000000000000,0.200000000000000000,130770672663.000000000000000000,130770672663,False,BOND_STATUS_BONDED
cosmosvaloper10e4vsut6suau8tk9m6dnrm0slgd6npe3jx5xpv,B-Harvest,0.100000000000000000,0.300000000000000000,3105146113628.000000000000000000,3105146113628,False,BOND_STATUS_BONDED
cosmosvaloper106kt5cmued596rqusmthfnh39h38k64e73fxce,SG_NODE,0.075000000000000000,1.000000000000000000,1.000000000000000000,1,False,BOND_STATUS_UNBONDED
cosmosvaloper10m2qyuzp2smf4wqpfzhvlrun9vnf7ts8c72akw,biki-cosval,0.100000000000000000,0.200000000000000000,1000000.000000000000000000,1000000,False,BOND_STATUS_UNBONDED
cosmosvaloper1sxx9mszve0gaedz5ld7qdkjkfv8z992ax69k08,validator.network | Security first. Highly available.,0.100000000000000000,1.000000000000000000,1632393756372.000000000000000000,1632393756372,False,BOND_STATUS_BONDED
cosmosvaloper1sx8wwjyzxsu02mkld488nps8p8anlsr47ygka5,axepool,0.050000000000000000,0.200000000000000000,1100000.000000000000000000,1100000,False,BOND_STATUS_UNBONDED
cosmosvaloper1s24as3xg6kl0u3lvw84j4ges5350u3nwjry4vt,AlienStake.com,0.070000000000000000,0.200000000000000000,1000000.000000000000000000,999900,True,BOND_STATUS_UNBONDED
cosmosvaloper1sd4tl9aljmmezzudugs7zlaya7pg2895ws8tfs,InfStones (Infinity Stones),0.100000000000000000,1.000000000000000000,1893483142459.000000000000000000,1893483142459,False,BOND_STATUS_BONDED
cosmosvaloper1s05va5d09xlq3et8mapsesqh6r5lqy7mkhwshm,Wetez,0.100000000000000000,1.000000000000000000,441283056605.000000000000000000,441283056605,False,BOND_STATUS_BONDED
cosmosvaloper1ssm0d433seakyak8kcf93yefhknjleeds4y3em,IRISnet-Bianjie,0.100000000000000000,1.000000000000000000,2608892625897.000000000000000000,2608892625897,False,BOND_STATUS_BONDED
cosmosvaloper1sjllsnramtg3ewxqwwrwjxfgc4n4ef9u2lcnj0,üê†stake.fish,0.040000000000000000,1.000000000000000000,9556474000469.000000000000000000,9556474000469,False,BOND_STATUS_BONDED
cosmosvaloper1skhpmqtr8nw2takaduwh4ve5zk9pm5h5tnwlsx,Appeal2Heaven,0.250000000000000000,0.500000000000000000,1000000.000000000000000000,1000000,True,BOND_STATUS_UNBONDED
cosmosvaloper1skhguug7ffln3wekpmjmnnneu8wqfg3yk2uchv,Gentarium Validator,0.100000000000000000,0.200000000000000000,3500001.000085721633282853,3499702,False,BOND_STATUS_UNBONDED
cosmosvaloper1s6x9fy4wc49wj9jx4jv6czredqsmp46h7vnk2q,SNZPool,0.100000000000000000,0.200000000000000000,170017151645.000000000000000000,170017151645,False,BOND_STATUS_BONDED
cosmosvaloper1s6t3wzx6mcv3pjg5fp2ddzplm3gj4pg6d330wg,omega3,0.200000000000000000,1.000000000000000000,245002060977.000000000000000000,245002060977,False,BOND_STATUS_BONDED
cosmosvaloper1s65zmn32zugl57ysj47s7vmfcek0rtd7he7wde,firstblock,0.200000000000000000,0.200000000000000000,194213250033.000000000000000000,194213250033,False,BOND_STATUS_BONDED
cosmosvaloper1s7jnk7t6yqzensdgpvkvkag022udk842qdjdtd,Blockscale,0.250000000000000000,1.000000000000000000,85673209670.443073928214161535,85656075905,False,BOND_STATUS_BONDED
cosmosvaloper1slt7tkd7srlaxnt8vk6uff7j3mc7pk233rs0r5,Dominator,0.050000000000000000,0.500000000000000000,33002530000.000000000000000000,32999229800,True,BOND_STATUS_UNBONDED
cosmosvaloper13x77yexvf6qexfjg9czp6jhpv7vpjdwwkyhe4p,blockscape,0.100000000000000000,0.200000000000000000,294589940850.000000000000000000,294589940850,False,BOND_STATUS_BONDED
cosmosvaloper132juzk0gdmwuxvx4phug7m3ymyatxlh9734g4w,P2P.ORG - P2P Validator,0.080000000000000000,0.500000000000000000,3987056916547.000000000000000000,3987056916547,False,BOND_STATUS_BONDED
cosmosvaloper130mdu9a0etmeuw52qfxk73pn0ga6gawkxsrlwf,jackzampolin,0.100000000000000000,0.150000000000000000,601442877326.000000000000000000,601442877326,False,BOND_STATUS_BONDED
cosmosvaloper13sduv92y3xdhy3rpmhakrc3v7t37e7ps9l0kpv,nylira.net,0.100000000000000000,0.300000000000000000,613576302993.000000000000000000,613576302993,False,BOND_STATUS_BONDED
cosmosvaloper13ce7hhqa0z3tpc2l7jm0lcvwe073hdkkpp2nst,RockX,0.100000000000000000,0.200000000000000000,100347732.000000000000000000,100347732,True,BOND_STATUS_UNBONDED
cosmosvaloper1jxv0u20scum4trha72c7ltfgfqef6nsch7q6cu,Ping.pub,0.080000000000000000,1.000000000000000000,735849237062.000000000000000000,735849237062,False,BOND_STATUS_BONDED
cosmosvaloper1jgczjsz3tugudsutektmr9z9lmv8u6vy0l2de7,InActive,0.130000000000000000,0.130000000000000000,1000000.000000000000000000,1000000,True,BOND_STATUS_UNBONDED
cosmosvaloper1j2ytk05qyx40twttvtph5ytes7lmhgshpuk50d,SpaceXPool,0.100000000000000000,0.200000000000000000,1000000.000000000000000000,1000000,False,BOND_STATUS_UNBONDED
cosmosvaloper1jw8ett8uzrvjjhfcyajwcnckfl64npwxvlz2q8,Deperacated,0.100000000000000000,0.200000000000000000,1000000.000000000000000000,1000000,False,BOND_STATUS_UNBONDED
cosmosvaloper1j0vaeh27t4rll7zhmarwcuq8xtrmvqhudrgcky,chainflow-cosmos-prodval-01,0.120000000000000000,1.000000000000000000,763364835670.000000000000000000,763364835670,False,BOND_STATUS_BONDED
cosmosvaloper1jjstwduq89rzkw4qcsk0q7d4ycq5ktmqd7nrmg,LiebiPool,0.000000000000000000,0.200000000000000000,1120904.695919320972897479,1120799,True,BOND_STATUS_UNBONDED
cosmosvaloper1jmd8vcja8f7vqypxh0rceucrkt9hgsxk4kt5ad,nexus,0.025000000000000000,0.200000000000000000,2000000.000000000000000000,2000000,False,BOND_STATUS_UNBONDED
cosmosvaloper1jlr62guqwrwkdt4m3y00zh2rrsamhjf9num5xr,StakeWith.Us,0.150000000000000000,0.250000000000000000,999978831819.000000000000000000,999978831819,False,BOND_STATUS_BONDED
cosmosvaloper1n9juyach9xvnsnkeale4kc4kjgaedvsape5vf3,----------=üõ∏=----------,0.030000000000000000,0.300000000000000000,1000100.010002000198019807,1000001,True,BOND_STATUS_UNBONDED
cosmosvaloper1n229vhepft6wnkt5tjpwmxdmcnfz55jv3vp77d,Allnodes,0.000000000000000000,1.000000000000000000,188297288991.000000000000000000,188297288991,False,BOND_STATUS_BONDED
cosmosvaloper1nta8dt082qts2uldz2c2at6xmx8wpdwhld0mdh,mrinal,0.100000000000000000,0.150000000000000000,2000100.010001000100010001,1999900,False,BOND_STATUS_UNBONDED
cosmosvaloper1n3f5lm7xtlrp05z9ud2xk2cnvk2xnzkm2he6er,AirGap üõ°,0.100000000000000000,0.300000000000000000,17892999991.474801133724131681,17891210701,False,BOND_STATUS_BONDED
cosmosvaloper1n3mhyp9fvcmuu8l0q8qvjy07x0rql8q46fe2xk,0base.vc,0.018000000000000000,0.340000000000000000,20032178811.000000000000000000,20032178811,False,BOND_STATUS_BONDED
cosmosvaloper1n5pu2rtz4e2skaeatcmlexza7kheedzh8a2680,BlockMatrix üöÄ,0.150000000000000000,0.250000000000000000,327288098895.000000000000000000,327288098895,False,BOND_STATUS_BONDED
cosmosvaloper1n5xufj0753hvhv6q09f5lh29s57epnrl59lpp6,BlockPool.com,0.020000000000000000,0.200000000000000000,1000000.000000000000000000,1000000,False,BOND_STATUS_UNBONDED
cosmosvaloper1ncp4h8ckha4c6lel5wktclt4yrz4t896qawm7z,Comdex,0.100000000000000000,1.000000000000000000,2000000.000000000000000000,1999800,True,BOND_STATUS_UNBONDED
cosmosvaloper1nm0rrq86ucezaf8uj35pq9fpwr5r82clzyvtd8,Kraken,1.000000000000000000,1.000000000000000000,3789095163235.000000000000000000,3789095163235,False,BOND_STATUS_BONDED
cosmosvaloper15r4tc0m6hc7z8drq3dzlrtcs6rq2q9l2nvwher,DragonStake,0.200000000000000000,1.000000000000000000,898222624254.000000000000000000,898222624254,False,BOND_STATUS_BONDED
cosmosvaloper159eexl76jlygrxnfreehl3j9tt70d8wfnn39fw,fishegg.net,0.000000000000000000,0.200000000000000000,1293951.392878903767571751,1293822,False,BOND_STATUS_UNBONDED
cosmosvaloper150g2n4ypex05nla65j6akz38n9tu4quu8nna3h,regen-validator,0.600000000000000000,1.000000000000000000,1000000.000000000000000000,1000000,False,BOND_STATUS_UNBONDED
cosmosvaloper15jlcxs57cku65nrve3hfjlmcr8kaavxcn30mz2,Certify Network,0.100000000000000000,0.700000000000000000,33001300517.998067099922400703,32998000402,True,BOND_STATUS_UNBONDED
cosmosvaloper15kzy7ep24z7tzc7dcy6yy2g0etfvk43sumaquu,üë®‚ÄçüöÄ Stakers Space,0.200000000000000000,0.500000000000000000,12574.000000000000000000,12574,True,BOND_STATUS_UNBONDED
cosmosvaloper156gqf9837u7d4c4678yt3rl4ls9c5vuursrrzf,Binance Staking,0.025000000000000000,1.000000000000000000,14078841964243.000000000000000000,14078841964243,False,BOND_STATUS_BONDED
cosmosvaloper15urq2dtp9qce4fyc85m6upwm9xul3049e02707,Chorus One,0.075000000000000000,0.250000000000000000,5338116736260.000000000000000000,5338116736260,False,BOND_STATUS_BONDED
cosmosvaloper142w8q2l0gxsfna72gq8t7e4ee4ul37e9htgtxx,NEOPLY,1.000000000000000000,1.000000000000000000,50012210000.000000000000000000,50012210000,False,BOND_STATUS_BONDED
cosmosvaloper1402ggxz5u6vm29sqztwqq8vxs3ke6dmwl2z5dk,Cosmoon,0.000000000000000000,0.300000000000000000,85009415126.186898618055179778,84992499975,True,BOND_STATUS_UNBONDED
cosmosvaloper143g8ag20zg42z7h2j3dszw52ac6alyv876p2q8,WALLAKIA,0.070000000000000000,0.770000000000000000,1010000.000000000000000000,1010000,False,BOND_STATUS_UNBONDED
cosmosvaloper14kn0kk33szpwus9nh8n87fjel8djx0y070ymmj,Forbole,0.095000000000000000,0.250000000000000000,2506869805424.000000000000000000,2506869805424,False,BOND_STATUS_BONDED
cosmosvaloper14k4pzckkre6uxxyd2lnhnpp8sngys9m6hl6ml7,Polychain Labs,0.200000000000000000,1.000000000000000000,3580234844170.000000000000000000,3580234844170,False,BOND_STATUS_BONDED
cosmosvaloper146kwpzhmleafmhtaxulfptyhnvwxzlvm87hwnm,üåê KysenPool Sky ‚òÅÔ∏è ,0.079000000000000000,0.200000000000000000,991537515331.000000000000000000,991537515331,False,BOND_STATUS_BONDED
cosmosvaloper14az9dmutwtz4vuycvae8csm4wwwtm0aumtlppe,F4RM,0.200000000000000000,1.000000000000000000,85505385081.494387798928300421,85496834554,True,BOND_STATUS_UNBONDED
cosmosvaloper14l0fp639yudfl46zauvv8rkzjgd4u0zk2aseys,ATEAM,0.099000000000000000,1.000000000000000000,1566349960145.000000000000000000,1566349960145,False,BOND_STATUS_BONDED
cosmosvaloper14lultfckehtszvzw4ehu0apvsr77afvyju5zzy,DokiaCapital,0.150000000000000000,0.150000000000000000,10602196678185.000000000000000000,10602196678185,False,BOND_STATUS_BONDED
cosmosvaloper1k9a0cs97vul8w2vwknlfmpez6prv8klv03lv3d,Stake Capital,0.080000000000000000,0.300000000000000000,360961395431.120148771064403239,360925299326,True,BOND_STATUS_UNBONDING
cosmosvaloper1kgquh04ffqvadekf6e47070gskm0s0h28cl7ht,tokenweb.io,0.100000000000000000,0.200000000000000000,106791367394.541035393607348809,106770010743,False,BOND_STATUS_BONDED
cosmosvaloper1kgddca7qj96z0qcxr2c45z73cfl0c75p7f3s2e,ChainLayer,0.100000000000000000,0.200000000000000000,1549088042243.000000000000000000,1549088042243,False,BOND_STATUS_BONDED
cosmosvaloper1ktecz4dr56j9tsfh7nwg8s9suvhfu70qykhu5s,Dawns.World,0.200000000000000000,0.300000000000000000,6090103.000000000000000000,6090103,False,BOND_STATUS_UNBONDED
cosmosvaloper1kj0h4kn4z5xvedu2nd9c4a9a559wvpuvu0h6qn,Cryptium Labs,0.110000000000000000,1.000000000000000000,613360478880.852361704355372744,613299142896,False,BOND_STATUS_BONDED
cosmosvaloper1kn3wugetjuy4zetlq6wadchfhvu3x740ae6z6x,HuobiPool,0.040000000000000000,0.200000000000000000,1447735740885.000000000000000000,1447735740885,False,BOND_STATUS_BONDED
cosmosvaloper1k447djp2qrfk8pl44vd02qdlld2asjeepjxsep,Neptune Stake (TSXV:DASH),0.100000000000000000,0.200000000000000000,123545401.000000000000000000,123545401,True,BOND_STATUS_UNBONDED
cosmosvaloper1k4mtqv0y964set0ayr8e09r54mpqs4xfw0ysew,‚ÄúKING.DLINODES.COM‚Äù,0.100000000000000000,0.200000000000000000,596982411.241090589856662977,596863025,False,BOND_STATUS_BONDED
cosmosvaloper1khnuwdpnyv6utvqx3plt3x6makh3rc9tv0wvv9,cosmos-sta,0.100000000000000000,0.200000000000000000,1000000.000000000000000000,1000000,False,BOND_STATUS_UNBONDED
cosmosvaloper1kculeejzmnac8lezfpg9ulkj5gfy5tuf9ez29w,ATOMI,0.050000000000000000,1.000000000000000000,3002311.000000000000000000,3002311,True,BOND_STATUS_UNBONDED
cosmosvaloper1hf8a9yg6yswtj8lgchlr76mcenj2nd7a0e6z0z,Bumblebee__üêù,0.130000000000000000,0.200000000000000000,267126.687511427445347075,267101,False,BOND_STATUS_UNBONDED
cosmosvaloper1hvsdf03tl6w5pnfvfv5g8uphjd4wfw2h4gvnl7,Bi23 Labs,0.500000000000000000,0.500000000000000000,100554133764.865439700593009693,100544078689,False,BOND_STATUS_BONDED
cosmosvaloper1hwu4wp5y47d2ntm3std5xeygqnqua3ekcpzp0v,FishKing,0.050000000000000000,0.200000000000000000,4000000.000000000000000000,3999600,True,BOND_STATUS_UNBONDED
cosmosvaloper1hjct6q7npsspsg3dgvzk3sdf89spmlpfdn6m9d,Figment,0.090000000000000000,0.300000000000000000,3096532005621.000000000000000000,3096532005621,False,BOND_STATUS_BONDED
cosmosvaloper1hctafaqveg7dxad8aedf32aq2j877rrec2f5au,Bi23 Labs,0.000000000000000000,1.000000000000000000,1000000.000000000000000000,1000000,False,BOND_STATUS_UNBONDED
cosmosvaloper1cql9ska0xl2rkg6gcv0np4333gn6fygs55asrs,Atom Sandler,0.250000000000000000,1.000000000000000000,190628903.807805006657245628,190609846,True,BOND_STATUS_UNBONDED
cosmosvaloper1cz6q5nys0tgupq2mt99amsltepglxqgwfs6fum,melange,0.010000000000000000,1.000000000000000000,11572748561.000000000000000000,11572748561,True,BOND_STATUS_UNBONDED
cosmosvaloper1crqm3598z6qmyn2kkcl9dz7uqs4qdqnr6s8jdn,Bison Trails,0.080000000000000000,0.200000000000000000,162402908392.000000000000000000,162402908392,False,BOND_STATUS_BONDED
cosmosvaloper1crf28v52ptkygcw07kr79rw8dme7v2m2sy0p0p,Staker Space,0.080000000000000000,0.200000000000000000,1004344.000000000000000000,1004344,True,BOND_STATUS_UNBONDED
cosmosvaloper1cyvspwjvnedc9s5j759zezufrwf7esfpe48agy,terraformstaging,0.100000000000000000,0.120000000000000000,1000000.000000000000000000,1000000,False,BOND_STATUS_UNBONDED
cosmosvaloper1cgh5ksjwy2sd407lyre4l3uj2fdrqhpkzp06e6,HashQuark,0.100000000000000000,0.200000000000000000,569888870757.000000000000000000,569888870757,False,BOND_STATUS_BONDED
cosmosvaloper1cf9yqlamxgeza4nsn7y08vpkcs7qqjp46k6s3t,ChainPool,0.100000000000000000,0.200000000000000000,1000001.000000000000000000,1000001,True,BOND_STATUS_UNBONDED
cosmosvaloper1c5n3z6ju8e07pqmmxcn4hkqn69d8kmvq5nxnxa,anonym.ninja,0.100000000000000000,0.400000000000000000,2000000.000000000000000000,2000000,False,BOND_STATUS_UNBONDED
cosmosvaloper1cew4f2acglytrdsdewk7kv3v8ycxd89z28jel6,mr.tukutuku validator,0.010000000000000000,0.200000000000000000,1000000.715078753493554231,999801,True,BOND_STATUS_UNBONDED
cosmosvaloper1c6ympsh9xs4jp2fyjv0mpn2v43lafk7td2wyxk,OKmoniker1,0.100000000000000000,0.200000000000000000,5000.000000000000000000,5000,False,BOND_STATUS_UNBONDED
cosmosvaloper1clpqr4nrk4khgkxj78fcwwh6dl3uw4epsluffn,Cosmostation,0.089000000000000000,0.200000000000000000,4317515643314.000000000000000000,4317515643314,False,BOND_STATUS_BONDED
cosmosvaloper1ey69r37gfxvxg62sh4r0ktpuc46pzjrm873ae8,Sikka,0.030000000000000000,1.000000000000000000,7667903354057.471878265529453172,7667903358158,False,BOND_STATUS_BONDED
cosmosvaloper1e859xaue4k2jzqw20cv6l7p3tmc378pc3k8g2u,Citizen Cosmos,0.120000000000000000,0.200000000000000000,431887720444.176543613956821334,431844531684,False,BOND_STATUS_BONDED
cosmosvaloper1et77usu8q2hargvyusl4qzryev8x8t9wwqkxfs,Stargaze,0.100000000000000000,0.250000000000000000,282936281687.000000000000000000,282936281687,False,BOND_STATUS_BONDED
cosmosvaloper1ewtwxeksk59k0an3etj3n93al64l5qws2jw02z,Bitrue,0.000000000000000000,1.000000000000000000,1000000.000000000000000000,1000000,False,BOND_STATUS_UNBONDED
cosmosvaloper1e0plfg475phrsvrlzw8gwppeva0zk5yg9fgg8c,Easy 2 Stake,0.100000000000000000,0.300000000000000000,460697876809.000000000000000000,460697876809,False,BOND_STATUS_BONDED
cosmosvaloper1e0jnq2sun3dzjh8p2xq95kk0expwmd7sj6x59m,Fission Labs,0.100000000000000000,0.200000000000000000,350000.000000000000000000,350000,True,BOND_STATUS_UNBONDED
cosmosvaloper1eh5mwu044gd5ntkkc2xgfg8247mgc56fz4sdg3,BouBouNode,0.061000000000000000,1.000000000000000000,2185395066701.000000000000000000,2185395066701,False,BOND_STATUS_BONDED
cosmosvaloper1ehkfl7palwrh6w2hhr2yfrgrq8jetgucudztfe,KalpaTech,0.150000000000000000,0.200000000000000000,1876185916196.000000000000000000,1876185916196,False,BOND_STATUS_BONDED
cosmosvaloper1ec3p6a75mqwkv33zt543n6cnxqwun37rr5xlqv,lunamint,0.150000000000000000,1.000000000000000000,499460287337.000000000000000000,499460287337,False,BOND_STATUS_BONDED
cosmosvaloper1eez6ks7upkjf8w3eaz0vah7x3d8zkade0mwn3f,FreeValidator,0.000000000000000000,0.200000000000000000,11005501.000000000000000000,11004401,True,BOND_STATUS_UNBONDED
cosmosvaloper1emaa7mwgpnpmc7yptm728ytp9quamsvu837nc0,kochacolaj,0.200000000000000000,1.000000000000000000,184877749297.000000000000000000,184877749297,False,BOND_STATUS_BONDED
cosmosvaloper1eup5t8pp8jq354heck53qtama7vss9l354kh6r,IZ0,0.010000000000000000,0.100000000000000000,27559045798.000000000000000000,27559045798,False,BOND_STATUS_BONDED
cosmosvaloper16qme5yxucnaj6snx35nmwze0wyxr8wfgqxsqfw,KIRA Staking,0.090000000000000000,1.000000000000000000,883302098205.000000000000000000,883302098205,False,BOND_STATUS_BONDED
cosmosvaloper16zgjnqxryhq2kftfuv8urp50x0xwt5dagemhfl,Alphemy Capital,0.200000000000000000,0.200000000000000000,750047899921.274914715508659511,749972895152,False,BOND_STATUS_BONDED
cosmosvaloper16gdxm24ht2mxtpz9cma6tr6a6d47x63h65p52c,ColmenaSvQüêù,0.100000000000000000,0.500000000000000000,1000000.000000000000000000,1000000,True,BOND_STATUS_UNBONDED
cosmosvaloper16v3f95amtvpewuajjcdsvaekuuy4yyzups85ec,BlockPool,0.020000000000000000,0.030000000000000000,231568614.743723744765694977,231545459,True,BOND_STATUS_UNBONDED
cosmosvaloper16ddmnhsxkjh6xt4n2xk36d56pndvjxcn6gffpm,cosmosgbt,0.100000000000000000,0.500000000000000000,3000000.000000000000000000,2999700,True,BOND_STATUS_UNBONDED
cosmosvaloper16j5uk7zt8kha0w4637h36kuxrmlarrg0qfwlgz,cosmos-hub.com,0.100000000000000000,1.000000000000000000,1091000.000000000000000000,1091000,False,BOND_STATUS_UNBONDED
cosmosvaloper1648ynlpdw7fqa2axt0w2yp3fk542junl7rsvq6,Any Labs,0.020000000000000000,0.500000000000000000,641762311909.007205929256694203,641698135822,False,BOND_STATUS_BONDED
cosmosvaloper16k579jk6yt2cwmqx9dz5xvq9fug2tekvlu9qdv,Cephalopod Equipment,0.081100000000000000,0.420000000000000000,1452355094283.931894773551854705,1452209858845,False,BOND_STATUS_BONDED
cosmosvaloper16m93gjfqvnjajzrfyszml8qm92a0w67nwxrca7,Deprecated,0.200000000000000000,1.000000000000000000,43000088.000000000000000000,43000088,True,BOND_STATUS_UNBONDED
cosmosvaloper16acemvk7mf4393hksx0zwmjsnqptxu7ek2yslx,OKmoniker,0.100000000000000000,0.200000000000000000,1000000.000000000000000000,1000000,False,BOND_STATUS_UNBONDED
cosmosvaloper16lsdqdqcz7yywd82dtrt4nmf2u3peq4ukc8ap8,consensus_networks,0.100000000000000000,0.100000000000000000,1930420002.000000000000000000,1930227002,True,BOND_STATUS_UNBONDED
cosmosvaloper1mrnrqgl4d5hqsfdcgnjfarjnlk43rs89gyz94x,lino-network,0.100000000000000000,0.200000000000000000,46001000.000000000000000000,45996400,True,BOND_STATUS_UNBONDED
cosmosvaloper1mykn77lkynl8fkwvl9tqg369u0zajzzcdhkptq,Nodeasy.com,0.100000000000000000,1.000000000000000000,129735854183.000000000000000000,129735854183,False,BOND_STATUS_BONDED
cosmosvaloper1m83cwjucw9nt8xm66u8xavvy6v9m7xfspcszc5,Fenbushi US - Staked,0.100000000000000000,0.200000000000000000,113733749.000000000000000000,113733749,False,BOND_STATUS_BONDED
cosmosvaloper1ma02nlc7lchu7caufyrrqt4r6v2mpsj90y9wzd,hashtower,0.030000000000000000,1.000000000000000000,3104431198626.000000000000000000,3104431198626,False,BOND_STATUS_BONDED
cosmosvaloper1urtpxwfuu8k57aqt0h5zhsvmjt4m2mmdr0juzg,„Åì„ÅÆÁ¥†Êô¥„Çâ„Åó„ÅÑ‰∏ñÁïå„Å´Á•ùÁ¶è„Çí,0.150000000000000000,0.250000000000000000,2000000.000000000000000000,1999840,True,BOND_STATUS_UNBONDED
cosmosvaloper1uyt0yuv7cz7ppwefl9ths336ln7ysvg2jlj76t,Sanka Network,0.100000000000000000,1.000000000000000000,79992251.000000000000000000,79992251,True,BOND_STATUS_UNBONDED
cosmosvaloper1uxh465053nq3at4dn0jywgwq3s9sme3la3drx6,Bison Trails,0.100000000000000000,0.500000000000000000,18214400771.000000000000000000,18214400771,True,BOND_STATUS_UNBONDED
cosmosvaloper1uv26ytrnmydyctq0s58ve2k6wn2p653mqs80fm,DO NOT STAKE | Bity.com,0.100000000000000000,1.000000000000000000,27002066.000000000000000000,27002066,True,BOND_STATUS_UNBONDED
cosmosvaloper1udpsgkgyutgsglauk9vk9rs03a3skc62gup9ny,AUDIT.one,0.070000000000000000,1.000000000000000000,730370031989.000000000000000000,730370031989,False,BOND_STATUS_BONDED
cosmosvaloper1unap36cmuaxsmgtshm893hjkneta5vp6udzc0j,HelloPool,0.000000000000000000,1.000000000000000000,100000000.000000000000000000,99990000,True,BOND_STATUS_UNBONDED
cosmosvaloper1u5lcptf9kpw6psqg5xyr80t5d9l70lvcyg555w,codeb2cc,0.100000000000000000,0.200000000000000000,2500000.000000400063687605,2499802,True,BOND_STATUS_UNBONDED
cosmosvaloper1uhnsxv6m83jj3328mhrql7yax3nge5svrv6t6c,Skystar Capital,0.100000000000000000,0.200000000000000000,705955260905.208439581129608255,705884665463,False,BOND_STATUS_BONDED
cosmosvaloper1u6ddcsjueax884l3tfrs66497c7g86skn7pa0u,Sentinel,0.200000000000000000,1.000000000000000000,509389539513.702188409951005333,509338600625,False,BOND_STATUS_BONDED
cosmosvaloper1uutuwrwt3z2a5z8z3uasml3rftlpmu25aga5c6,Delega Networks‚ôæ ,0.100000000000000000,0.200000000000000000,1287732666150.000000000000000000,1287732666150,False,BOND_STATUS_BONDED
cosmosvaloper1ualhu3fjgg77g485gmyswkq3w0dp7gys6qzwrv,stake.systems,0.100000000000000000,0.200000000000000000,301730196019.000000000000000000,301730196019,False,BOND_STATUS_BONDED
cosmosvaloper1u724thtn8z47nw9nvel367m3qh0gqnxe4g555a,MEET.ONE,0.100000000000000000,1.000000000000000000,2788834.000000000000000000,2788834,True,BOND_STATUS_UNBONDED
cosmosvaloper1ul2me6vukg2vac2p6ltxmqlaa7jywdgt8q76ag,HyperblocksPro,0.100000000000000000,0.250000000000000000,1251800234324.000000000000000000,1251800234324,False,BOND_STATUS_BONDED
cosmosvaloper1awqm5sweq0z3uyl49ge7rcxpd5lpeln3ldnapc,endgame,0.100000000000000000,0.200000000000000000,1000000.000000000000000000,1000000,True,BOND_STATUS_UNBONDED
cosmosvaloper1asazdfn60g4nakccc9leh37du0946l5fnnluy6,PlatON,0.100000000000000000,0.200000000000000000,9990000.000000000000000000,9989100,True,BOND_STATUS_UNBONDED
cosmosvaloper1a3yjj7d3qnx4spgvjcwjq9cw9snrrrhu5h6jll,Coinbase Custody,0.200000000000000000,1.000000000000000000,6743870242829.000000000000000000,6743870242829,False,BOND_STATUS_BONDED
cosmosvaloper17zcpywlhgcpk7ff505vr8mnc4wwpv5fcta6enz,btd,0.000000000000000000,0.500000000000000000,1001003.000000000000000000,1001003,False,BOND_STATUS_UNBONDED
cosmosvaloper17vzs7rvg0jwqke5rscudmssvtyzw2u3f6velcp,pupu,0.100000000000000000,0.100000000000000000,1000000.000000000000000000,1000000,False,BOND_STATUS_UNBONDED
cosmosvaloper174glllafa668rcr2qzf5m0844ve60h0urf3h6u,ChainPartners,0.030000000000000000,0.300000000000000000,10000002.000000000000000000,9999002,True,BOND_STATUS_UNBONDED
cosmosvaloper17h2x3j7u44qkrq0sk8ul0r2qr440rwgjkfg0gh,FRESHATOMS,0.019900000000000000,0.200000000000000000,440557333923.000000000000000000,440557333923,False,BOND_STATUS_BONDED
cosmosvaloper17cy09npjq4sylkt56kwcuqcd74hlxj3fq4hwjd,topool,0.200000000000000000,1.000000000000000000,27523.504443880792662643,27508,True,BOND_STATUS_UNBONDED
cosmosvaloper17mggn4znyeyg25wd7498qxl7r2jhgue8u4qjcq,01node,0.100000000000000000,0.200000000000000000,1228757255059.000000000000000000,1228757255059,False,BOND_STATUS_BONDED
cosmosvaloper177cagfvevhhr4uv7fhw3n79e0jv8e96cdyc3wd,Event Horizon,0.150000000000000000,1.000000000000000000,1000000.000000000000000000,1000000,True,BOND_STATUS_UNBONDED
cosmosvaloper1lzhlnpahvznwfv4jmay2tgaha5kmz5qxerarrl,Citadel.one,0.000000000000000000,0.200000000000000000,589386147787.000000000000000000,589386147787,False,BOND_STATUS_BONDED
cosmosvaloper1l9fwl9c77zx850htsr20pq3ltc379xt86ndelm,CosmosLink,0.000000000000000000,1.000000000000000000,796095150.246515417387077464,796015545,True,BOND_STATUS_UNBONDED
cosmosvaloper1l5rgg6k87m6x5hl50xg5q7t680d672z87gzd7a,hoo.com,0.030000000000000000,0.060000000000000000,10501138004.000000000000000000,10500087904,True,BOND_STATUS_UNBONDED
cosmosvaloper1lktjhnzkpkz3ehrg8psvmwhafg56kfss3q3t8m,Umbrella ‚òî,0.100000000000000000,1.000000000000000000,600432282326.000000000000000000,600432282326,False,BOND_STATUS_BONDED
cosmosvaloper1lcwxu50rvvgf9v6jy6q5mrzyhlszwtjxhtscmp,stake.zone,0.000000000000000000,0.200000000000000000,202659072406.000000000000000000,202659072406,False,BOND_STATUS_BONDED
cosmosvaloper1lc4wdzlvryg7fk9fc39d3yceu56gv4ea4jet3z,My Basement Validator,0.500000000000000000,0.800000000000000000,1100000.000000000000000000,1100000,False,BOND_STATUS_UNBONDED
cosmosvaloper1l6udzyaz8xaxv4hpagwauacm95jlcec3xlht2u,StakeHouse,0.010000000000000000,0.200000000000000000,56545587.651267929183299730,56539935,True,BOND_STATUS_UNBONDED
cosmosvaloper1lmu2hvm0prpkmacy7lw9uy3wp7fescmsuevrc9,Masternode24.de,0.100000000000000000,0.200000000000000000,100000000.000000000000000000,100000000,False,BOND_STATUS_UNBONDED
