{
  "live": "false",
  "notificationItems": [
    {
      "NotificationRequestItem": {
        "additionalData": {
          "hmacSignature": "KujHNqpyCAMdGefj7lfQ8AeD0Jke9Zs2bVAqScQDWi4="
        },
        "amount": {
          "currency": "USD",
          "value": 23623
        },
        "eventCode": "CAPTURE",
        "eventDate": "2017-01-25T18:08:19+01:00",
        "merchantAccountCode": "MagentoMerchantTest2",
        "merchantReference": "00000001",
        "originalReference": "ORIGINAL_PSP",
        "paymentMethod": "visa",
        "pspReference": "PSP_REFERENCE",
        "reason": "Insufficient balance on payment",
        "success": "false"
      }
    }
  ]
}
