{
  "live": "false",
  "notificationItems": [
    {
      "NotificationRequestItem": {
        "additionalData": {
          "hmacSignature": "KJFhURWP8Pv9m8k+7NGHNJAupBj6X6J\/VWAikFxeWhA="
        },
        "amount": {
          "currency": "EUR",
          "value": 1500
        },
        "eventCode": "REFUND",
        "eventDate": "2017-02-17T11:11:44+01:00",
        "merchantAccountCode": "MagentoMerchantTest2",
        "merchantReference": "payment-2017-1-17-11-refund",
        "originalReference": "ORIGINAL_PSP",
        "paymentMethod": "visa",
        "pspReference": "PSP_REFERENCE",
        "reason": "",
        "success": "true"
      }
    }
  ]
}