{
  "name" : "Qubu Hun",
  "language" : "English",
  "timeZone" : "America/Los_Angeles",
  "emails" : [ "sandraisom0@gmail.com", "Kubucoin@proton.me" ],
  "usernames" : [ "kubucoin" ],
  "communities" : [ {
    "name" : "Project Catalyst",
    "url" : "https://cardano.ideascale.com",
    "ideas" : [ ],
    "comments" : [ ],
    "votes" : [ ],
    "stageDataList" : [ ],
    "auditEvents" : [ {
      "auditType" : "EMAIL_UPDATED",
      "auditObject" : "",
      "version" : 1
    }, {
      "auditType" : "EMAIL_PRIMARY",
      "auditObject" : "Kubucoin@proton.me",
      "version" : 1
    } ],
    "version" : 1
  } ],
  "version" : 1
}